stock_id,name,market
1101,台泥,sii
1102,亞泥,sii
1103,嘉泥,sii
1104,環泥,sii
1108,幸福,sii
1109,信大,sii
1110,東泥,sii
1201,味全,sii
1203,味王,sii
1210,大成,sii
1213,大飲,sii
1215,卜蜂,sii
1216,統一,sii
1217,愛之味,sii
1218,泰山,sii
1219,福壽,sii
1220,台榮,sii
1225,福懋油,sii
1227,佳格,sii
1229,聯華,sii
1231,聯華食,sii
1232,大統益,sii
1233,天仁,sii
1234,黑松,sii
1235,興泰,sii
1236,宏亞,sii
1240,茂生農經,otc
1259,安心,otc
1264,德麥,otc
1268,漢來美食,otc
1294,漢田生技,otc
1295,生合,otc
1301,台塑,sii
1303,南亞,sii
1304,台聚,sii
1305,華夏,sii
1307,三芳,sii
1308,亞聚,sii
1309,台達化,sii
1310,台苯,sii
1312,國喬,sii
1313,聯成,sii
1314,中石化,sii
1315,達新,sii
1316,上曜,sii
1319,東陽,sii
1321,大洋,sii
1323,永裕,sii
1324,地球,sii
1325,恆大,sii
1326,台化,sii
1336,台翰,otc
1339,昭輝,sii
1342,八貫,sii
1402,遠東新,sii
1409,新纖,sii
1410,南染,sii
1413,宏洲,sii
1414,東和,sii
1416,廣豐,sii
1417,嘉裕,sii
1418,東華,sii
1419,新紡,sii
1423,利華,sii
1432,大魯閣,sii
1434,福懋,sii
1435,中福,sii
1436,華友聯,sii
1437,勤益控,sii
1438,三地開發,sii
1439,雋揚,sii
1440,南紡,sii
1441,大東,sii
1442,名軒,sii
1443,立益物流,sii
1444,力麗,sii
1445,大宇,sii
1446,宏和,sii
1447,力鵬,sii
1449,佳和,sii
1451,年興,sii
1452,宏益,sii
1453,大將,sii
1454,台富,sii
1455,集盛,sii
1456,怡華,sii
1457,宜進,sii
1459,聯發,sii
1460,宏遠,sii
1463,強盛新,sii
1464,得力,sii
1465,偉全,sii
1466,聚隆,sii
1467,南緯,sii
1468,昶和,sii
1470,大統新創,sii
1471,首利,sii
1472,三洋實業,sii
1473,台南,sii
1474,弘裕,sii
1475,業旺,sii
1476,儒鴻,sii
1477,聚陽,sii
1503,士電,sii
1504,東元,sii
1506,正道,sii
1512,瑞利,sii
1513,中興電,sii
1514,亞力,sii
1515,力山,sii
1516,川飛,sii
1517,利奇,sii
1519,華城,sii
1521,大億,sii
1522,堤維西,sii
1524,耿鼎,sii
1525,江申,sii
1526,日馳,sii
1527,鑽全,sii
1528,恩德,sii
1529,樂事綠能,sii
1530,亞崴,sii
1531,高林股,sii
1532,勤美,sii
1533,車王電,sii
1535,中宇,sii
1536,和大,sii
1537,廣隆,sii
1538,正峰,sii
1539,巨庭,sii
1540,喬福,sii
1541,錩泰,sii
1558,伸興,sii
1560,中砂,sii
1563,巧新,sii
1565,精華,otc
1568,倉佑,sii
1569,濱川,otc
1570,力肯,otc
1580,新麥,otc
1582,信錦,sii
1583,程泰,sii
1584,精剛,otc
1586,和勤,otc
1587,吉茂,sii
1593,祺驊,otc
1595,川寶,otc
1597,直得,sii
1598,岱宇,sii
1599,宏佳騰,otc
1603,華電,sii
1604,聲寶,sii
1605,華新,sii
1608,華榮,sii
1609,大亞,sii
1611,中電,sii
1612,宏泰,sii
1614,三洋電,sii
1615,大山,sii
1616,億泰,sii
1617,榮星,sii
1618,合機,sii
1623,大東電,sii
1702,南僑,sii
1707,葡萄王,sii
1708,東鹼,sii
1709,和益,sii
1710,東聯,sii
1711,永光,sii
1712,興農,sii
1713,國化,sii
1714,和桐,sii
1717,長興,sii
1718,中纖,sii
1720,生達,sii
1721,三晃,sii
1722,台肥,sii
1723,中碳,sii
1725,元禎,sii
1726,永記,sii
1727,中華化,sii
1730,花仙子,sii
1731,美吾華,sii
1732,毛寶,sii
1733,五鼎,sii
1734,杏輝,sii
1735,日勝化,sii
1736,喬山,sii
1737,臺鹽,sii
1742,台蠟,otc
1752,南光,sii
1760,寶齡富錦,sii
1762,中化生,sii
1773,勝一,sii
1776,展宇,sii
1777,生泰,otc
1781,合世,otc
1783,和康生,sii
1784,訊聯,otc
1785,光洋科,otc
1786,科妍,sii
1788,杏昌,otc
1789,神隆,sii
1795,美時,sii
1796,金穎生技,otc
1799,易威,otc
1802,台玻,sii
1805,寶徠,sii
1806,冠軍,sii
1808,潤隆,sii
1809,中釉,sii
1810,和成,sii
1813,寶利徠,otc
1815,富喬,otc
1817,凱撒衛,sii
1903,士紙,sii
1904,正隆,sii
1905,華紙,sii
1906,寶隆,sii
1907,永豐餘,sii
1909,榮成,sii
2002,中鋼,sii
2006,東和鋼鐵,sii
2007,燁興,sii
2008,高興昌,sii
2009,第一銅,sii
2010,春源,sii
2012,春雨,sii
2013,中鋼構,sii
2014,中鴻,sii
2015,豐興,sii
2017,官田鋼,sii
2020,美亞,sii
2022,聚亨,sii
2023,燁輝,sii
2024,志聯,sii
2025,千興,sii
2027,大成鋼,sii
2028,威致,sii
2029,盛餘,sii
2030,彰源,sii
2031,新光鋼,sii
2032,新鋼,sii
2033,佳大,sii
2034,允強,sii
2035,唐榮,otc
2038,海光,sii
2049,上銀,sii
2059,川湖,sii
2061,風青,otc
2062,橋椿,sii
2063,世鎧,otc
2064,晉椿,otc
2065,世豐,otc
2066,世德,otc
2067,嘉鋼,otc
2069,運錩,sii
2070,精湛,otc
2072,世紀風電,sii
2073,雄順,otc
2101,南港,sii
2102,泰豐,sii
2103,台橡,sii
2104,國際中橡,sii
2105,正新,sii
2106,建大,sii
2107,厚生,sii
2108,南帝,sii
2109,華豐,sii
2114,鑫永銓,sii
2201,裕隆,sii
2204,中華,sii
2206,三陽工業,sii
2207,和泰車,sii
2208,台船,sii
2211,長榮鋼,sii
2221,大甲,otc
2227,裕日車,sii
2228,劍麟,sii
2230,泰茂,otc
2231,為升,sii
2233,宇隆,sii
2235,謚源,otc
2241,艾姆勒,sii
2247,汎德永業,sii
2254,巨鎧精密-創,sii
2258,鴻華先進-創,sii
2301,光寶科,sii
2302,麗正,sii
2303,聯電,sii
2305,全友,sii
2308,台達電,sii
2312,金寶,sii
2313,華通,sii
2314,台揚,sii
2316,楠梓電,sii
2317,鴻海,sii
2321,東訊,sii
2323,中環,sii
2324,仁寶,sii
2327,國巨*,sii
2328,廣宇,sii
2329,華泰,sii
2330,台積電,sii
2331,精英,sii
2332,友訊,sii
2337,旺宏,sii
2338,光罩,sii
2340,台亞,sii
2342,茂矽,sii
2344,華邦電,sii
2345,智邦,sii
2347,聯強,sii
2348,海悅,sii
2349,錸德,sii
2351,順德,sii
2352,佳世達,sii
2353,宏碁,sii
2354,鴻準,sii
2355,敬鵬,sii
2356,英業達,sii
2357,華碩,sii
2359,所羅門,sii
2360,致茂,sii
2362,藍天,sii
2363,矽統,sii
2364,倫飛,sii
2365,昆盈,sii
2367,燿華,sii
2368,金像電,sii
2369,菱生,sii
2371,大同,sii
2373,震旦行,sii
2374,佳能,sii
2375,凱美,sii
2376,技嘉,sii
2377,微星,sii
2379,瑞昱,sii
2380,虹光,sii
2382,廣達,sii
2383,台光電,sii
2385,群光,sii
2387,精元,sii
2388,威盛,sii
2390,云辰,sii
2392,正崴,sii
2393,億光,sii
2395,研華,sii
2397,友通,sii
2399,映泰,sii
2401,凌陽,sii
2402,毅嘉,sii
2404,漢唐,sii
2405,輔信,sii
2406,國碩,sii
2408,南亞科,sii
2409,友達,sii
2412,中華電,sii
2413,環科,sii
2414,精技,sii
2415,錩新,sii
2417,圓剛,sii
2419,仲琦,sii
2420,新巨,sii
2421,建準,sii
2423,固緯,sii
2424,隴華,sii
2425,承啟,sii
2426,鼎元,sii
2427,三商電,sii
2428,興勤,sii
2429,銘旺科,sii
2430,燦坤,sii
2431,聯昌,sii
2432,倚天酷碁-創,sii
2433,互盛電,sii
2434,統懋,sii
2436,偉詮電,sii
2438,翔耀,sii
2439,美律,sii
2440,太空梭,sii
2441,超豐,sii
2442,新美齊,sii
2444,兆勁,sii
2449,京元電子,sii
2450,神腦,sii
2451,創見,sii
2453,凌群,sii
2454,聯發科,sii
2455,全新,sii
2457,飛宏,sii
2458,義隆,sii
2459,敦吉,sii
2460,建通,sii
2461,光群雷,sii
2462,良得電,sii
2464,盟立,sii
2465,麗臺,sii
2466,冠西電,sii
2467,志聖,sii
2468,華經,sii
2471,資通,sii
2472,立隆電,sii
2474,可成,sii
2476,鉅祥,sii
2477,美隆電,sii
2478,大毅,sii
2480,敦陽科,sii
2481,強茂,sii
2482,連宇,sii
2483,百容,sii
2484,希華,sii
2485,兆赫,sii
2486,一詮,sii
2488,漢平,sii
2489,瑞軒,sii
2491,吉祥全,sii
2492,華新科,sii
2493,揚博,sii
2495,普安,sii
2496,卓越,sii
2497,怡利電,sii
2498,宏達電,sii
2501,國建,sii
2504,國產,sii
2505,國揚,sii
2506,太設,sii
2509,全坤建,sii
2511,太子,sii
2514,龍邦,sii
2515,中工,sii
2516,新建,sii
2520,冠德,sii
2524,京城,sii
2527,宏璟,sii
2528,皇普,sii
2530,華建,sii
2534,宏盛,sii
2535,達欣工,sii
2536,宏普,sii
2537,聯上發,sii
2538,基泰,sii
2539,櫻花建,sii
2540,愛山林,sii
2542,興富發,sii
2543,皇昌,sii
2545,皇翔,sii
2546,根基,sii
2547,日勝生,sii
2548,華固,sii
2596,綠意,otc
2597,潤弘,sii
2601,益航,sii
2603,長榮,sii
2605,新興,sii
2606,裕民,sii
2607,榮運,sii
2608,嘉里大榮,sii
2609,陽明,sii
2610,華航,sii
2611,志信,sii
2612,中航,sii
2613,中櫃,sii
2614,東森,sii
2615,萬海,sii
2616,山隆,sii
2617,台航,sii
2618,長榮航,sii
2630,亞航,sii
2633,台灣高鐵,sii
2634,漢翔,sii
2636,台驊控股,sii
2640,大車隊,otc
2641,正德,otc
2642,宅配通,sii
2643,捷迅,otc
2645,長榮航太,sii
2646,星宇航空,sii
2701,萬企,sii
2702,華園,sii
2704,國賓,sii
2705,六福,sii
2706,第一店,sii
2707,晶華,sii
2712,遠雄來,sii
2718,全心投控,otc
2719,燦星旅,otc
2722,夏都,sii
2727,王品,sii
2729,瓦城,otc
2731,雄獅,sii
2732,六角,otc
2734,易飛網,otc
2736,富野,otc
2739,寒舍,sii
2740,華軒,otc
2743,山富,otc
2745,五福,otc
2748,雲品,sii
2751,王座,otc
2752,豆府,otc
2753,八方雲集,sii
2754,亞洲藏壽司,otc
2755,揚秦,otc
2756,聯發國際,otc
2801,彰銀,sii
2812,台中銀,sii
2816,旺旺保,sii
2820,華票,sii
2832,台產,sii
2834,臺企銀,sii
2836,高雄銀,sii
2838,聯邦銀,sii
2845,遠東銀,sii
2849,安泰銀,sii
2850,新產,sii
2851,中再保,sii
2852,第一保,sii
2855,統一證,sii
2867,三商壽,sii
2880,華南金,sii
2881,富邦金,sii
2882,國泰金,sii
2883,凱基金,sii
2884,玉山金,sii
2885,元大金,sii
2886,兆豐金,sii
2887,台新新光金,sii
2889,國票金,sii
2890,永豐金,sii
2891,中信金,sii
2892,第一金,sii
2897,王道銀行,sii
2901,欣欣,sii
2903,遠百,sii
2904,匯僑,sii
2905,三商,sii
2906,高林,sii
2908,特力,sii
2910,統領,sii
2911,麗嬰房,sii
2912,統一超,sii
2913,農林,sii
2915,潤泰全,sii
2916,滿心,otc
2926,誠品生活,otc
2937,集雅社,otc
2941,米斯特,otc
2945,三商家購,sii
2947,振宇五金,otc
2948,寶陞,otc
2949,欣新網,otc
3002,歐格,sii
3003,健和興,sii
3004,豐達科,sii
3005,神基,sii
3006,晶豪科,sii
3008,大立光,sii
3010,華立,sii
3011,今皓,sii
3013,晟銘電,sii
3014,聯陽,sii
3015,全漢,sii
3016,嘉晶,sii
3017,奇鋐,sii
3018,隆銘綠能,sii
3019,亞光,sii
3021,鴻名,sii
3022,威強電,sii
3023,信邦,sii
3024,憶聲,sii
3025,星通,sii
3026,禾伸堂,sii
3027,盛達,sii
3028,增你強,sii
3029,零壹,sii
3030,德律,sii
3031,佰鴻,sii
3032,偉訓,sii
3033,威健,sii
3034,聯詠,sii
3035,智原,sii
3036,文曄,sii
3037,欣興,sii
3038,全台,sii
3040,遠見,sii
3041,揚智,sii
3042,晶技,sii
3043,科風,sii
3044,健鼎,sii
3045,台灣大,sii
3046,建碁,sii
3047,訊舟,sii
3048,益登,sii
3049,精金,sii
3050,鈺德,sii
3051,力特,sii
3052,夆典,sii
3054,立萬利,sii
3055,蔚華科,sii
3056,富華新,sii
3057,喬鼎,sii
3058,立德,sii
3059,華晶科,sii
3060,銘異,sii
3062,建漢,sii
3064,泰偉,otc
3066,李洲,otc
3067,全域,otc
3071,協禧,otc
3073,天方能源,otc
3078,僑威,otc
3081,聯亞,otc
3083,網龍,otc
3085,新零售,otc
3086,華義*,otc
3088,艾訊,otc
3090,日電貿,sii
3092,鴻碩,sii
3093,港建*,otc
3094,聯傑,sii
3095,及成,otc
3105,穩懋,otc
3114,好德,otc
3115,富榮綱,otc
3118,進階,otc
3122,笙泉,otc
3128,昇銳,otc
3130,一零四,sii
3131,弘塑,otc
3135,凌航,sii
3138,耀登,sii
3141,晶宏,otc
3147,大綜,otc
3149,正達,sii
3150,鈺寶-創,sii
3152,璟德,otc
3158,嘉實,otc
3162,精確,otc
3163,波若威,otc
3164,景岳,sii
3167,大量,sii
3168,眾福科,sii
3169,亞信,otc
3171,炎洲流通,otc
3176,基亞,otc
3178,公準,otc
3188,鑫龍騰,otc
3189,景碩,sii
3191,雲嘉南,otc
3205,佰研,otc
3206,志豐,otc
3207,耀勝,otc
3209,全科,sii
3211,順達,otc
3213,茂訊,otc
3217,優群,otc
3218,大學光,otc
3219,倚強科,otc
3221,台嘉碩,otc
3224,三顧,otc
3226,龍鋒,otc
3227,原相,otc
3228,金麗科,otc
3229,晟鈦,sii
3230,錦明,otc
3231,緯創,sii
3232,昱捷,otc
3234,光環,otc
3236,千如,otc
3252,海灣,otc
3257,虹冠電,sii
3259,鑫創,otc
3260,威剛,otc
3264,欣銓,otc
3265,台星科,otc
3266,昇陽,sii
3268,海德威,otc
3272,東碩,otc
3276,宇環,otc
3284,太普高,otc
3285,微端,otc
3287,廣寰科,otc
3288,點晶,otc
3289,宜特,otc
3290,東浦,otc
3293,鈊象,otc
3294,英濟,otc
3296,勝德,sii
3297,杭特,otc
3303,岱稜,otc
3305,昇貿,sii
3306,鼎天,otc
3308,聯德,sii
3310,佳穎,otc
3311,閎暉,sii
3312,弘憶股,sii
3313,斐成,otc
3317,尼克森,otc
3321,同泰,sii
3322,建舜電,otc
3323,加百裕,otc
3324,雙鴻,otc
3325,旭品,otc
3332,幸康,otc
3338,泰碩,sii
3339,泰谷,otc
3346,麗清,sii
3349,寶德,otc
3354,律勝,otc
3356,奇偶,sii
3357,臺慶科,otc
3360,尚立,otc
3362,先進光,otc
3363,上詮,otc
3372,典範,otc
3373,熱映,otc
3374,精材,otc
3376,新日興,sii
3379,彬台,otc
3380,明泰,sii
3388,崇越電,otc
3390,旭軟,otc
3402,漢科,otc
3406,玉晶光,sii
3413,京鼎,sii
3416,融程電,sii
3419,譁裕,sii
3426,台興,sii
3430,奇鈦科,otc
3432,台端,sii
3434,哲固,otc
3437,榮創,sii
3438,類比科,otc
3441,聯一光,otc
3443,創意,sii
3444,利機,otc
3447,展達,sii
3450,聯鈞,sii
3455,由田,otc
3465,進泰電子,otc
3466,德晉,otc
3467,台灣精材,otc
3479,安勤,otc
3481,群創,sii
3483,力致,otc
3484,崧騰,otc
3485,敘豐,otc
3489,森寶,otc
3490,單井,otc
3491,昇達科,otc
3492,長盛,otc
3494,誠研,sii
3498,陽程,otc
3499,環天科,otc
3501,維熹,sii
3504,揚明光,sii
3508,位速,otc
3511,矽瑪,otc
3512,皇龍,otc
3515,華擎,sii
3516,亞帝歐,otc
3518,柏騰,sii
3520,華盈,otc
3521,台鋼建設,otc
3522,御嵿,otc
3523,迎輝,otc
3526,凡甲,otc
3527,聚積,otc
3528,安馳,sii
3529,力旺,otc
3530,晶相光,sii
3531,先益,otc
3532,台勝科,sii
3533,嘉澤,sii
3535,晶彩科,sii
3537,堡達,otc
3540,曜越,otc
3541,西柏,otc
3543,州巧,sii
3545,敦泰,sii
3546,宇峻,otc
3548,兆利,otc
3550,聯穎,sii
3551,世禾,otc
3552,同致,otc
3555,博士旺,otc
3556,禾瑞亞,otc
3557,嘉威,sii
3558,神準,otc
3563,牧德,sii
3564,其陽,otc
3567,逸昌,otc
3570,大塚,otc
3576,聯合再生,sii
3577,泓格,otc
3580,友威科,otc
3581,博磊,otc
3583,辛耘,sii
3587,閎康,otc
3588,通嘉,sii
3591,艾笛森,sii
3592,瑞鼎,sii
3593,力銘,sii
3594,磐儀,otc
3596,智易,sii
3597,映興,otc
3605,宏致,sii
3607,谷崧,sii
3609,三一東林,otc
3611,鼎翰,otc
3615,安可,otc
3617,碩天,sii
3622,洋華,sii
3623,富晶通,otc
3624,光頡,otc
3625,西勝,otc
3628,盈正,otc
3629,地心引力,otc
3630,新鉅科,otc
3631,晟楠,otc
3632,研勤,otc
3645,達邁,sii
3646,艾恩特,otc
3652,精聯,sii
3653,健策,sii
3663,鑫科,otc
3666,光耀,otc
3669,圓展,sii
3672,康聯訊,otc
3675,德微,otc
3679,新至陞,sii
3680,家登,otc
3684,榮昌,otc
3685,元創精密,otc
3686,達能,sii
3687,歐買尬,otc
3689,湧德,otc
3691,碩禾,otc
3693,營邦,otc
3694,海華,sii
3701,大眾控,sii
3702,大聯大,sii
3703,欣陸,sii
3704,合勤控,sii
3705,永信,sii
3706,神達,sii
3707,漢磊,otc
3708,上緯投控,sii
3709,鑫聯大投控,otc
3710,連展投控,otc
3711,日月光投控,sii
3712,永崴投控,sii
3713,新晶投控,otc
3714,富采,sii
3715,定穎投控,sii
3716,中化控股,sii
3717,聯嘉投控,sii
4102,永日,otc
4104,佳醫,sii
4105,東洋,otc
4106,雃博,sii
4107,邦特,otc
4108,懷特,sii
4109,加捷生醫,otc
4111,濟生,otc
4113,聯上,otc
4114,健喬,otc
4116,明基醫,otc
4119,旭富,sii
4120,友華,otc
4121,優盛,otc
4123,晟德,otc
4126,太醫,otc
4127,天良,otc
4128,中天,otc
4129,聯合,otc
4130,健亞,otc
4131,浩泰,otc
4133,亞諾法,sii
4138,曜亞,otc
4142,國光生,sii
4147,中裕,otc
4153,鈺緯,otc
4155,訊映,sii
4160,訊聯基因,otc
4161,聿新科,otc
4162,智擎,otc
4163,鐿鈦,otc
4164,承業醫,sii
4166,友霖,otc
4167,松瑞藥,otc
4168,醣聯,otc
4169,泰宗,sii
4171,瑞基,otc
4173,久裕,otc
4174,浩鼎,otc
4175,杏一,otc
4183,福永生技,otc
4188,安克,otc
4192,杏國,otc
4195,基米-創,sii
4198,欣大健康,otc
4205,中華食,otc
4207,環泰,otc
4303,信立,otc
4304,勝昱,otc
4305,世坤,otc
4306,炎洲,sii
4401,東隆興,otc
4402,郡都開發,otc
4406,新昕纖,otc
4413,飛寶企業,otc
4414,如興,sii
4416,三圓,otc
4417,金洲,otc
4419,皇家美食,otc
4420,光明,otc
4426,利勤,sii
4430,耀億,otc
4432,銘旺實,otc
4433,興采,otc
4438,廣越,sii
4440,宜新實業,sii
4441,振大環球,sii
4502,健信,otc
4503,金雨,otc
4506,崇友,otc
4510,高鋒,otc
4513,福裕,otc
4523,永彰,otc
4526,東台,sii
4527,方土霖,otc
4528,江興鍛,otc
4529,淳紳,otc
4530,宏易,otc
4532,瑞智,sii
4533,協易機,otc
4534,慶騰,otc
4535,至興,otc
4536,拓凱,sii
4538,大詠城,otc
4540,全球傳動,sii
4541,晟田,otc
4542,科嶠,otc
4543,萬在,otc
4545,銘鈺,sii
4549,桓達,otc
4550,長佳,otc
4551,智伸科,sii
4554,橙的,otc
4555,氣立,sii
4556,旭然,otc
4558,寶緯,otc
4561,健椿,otc
4562,穎漢,sii
4563,百德,otc
4564,元翎,sii
4566,時碩工業,sii
4568,科際精密,otc
4572,駐龍,sii
4576,大銀微系統,sii
4577,達航科技,otc
4580,捷流閥業,otc
4582,聚恆-創,sii
4583,台灣精銳,sii
4584,君帆,otc
4585,達明,sii
4588,玖鼎電力,sii
4590,富田-創,sii
4609,唐鋒,otc
4702,中美實,otc
4706,大恭,otc
4707,磐亞,otc
4711,永純,otc
4714,永捷,otc
4716,大立,otc
4720,德淵,sii
4721,美琪瑪,otc
4722,國精化,sii
4726,永昕,otc
4728,雙美,otc
4729,熒茂,otc
4735,豪展,otc
4736,泰博,sii
4737,華廣,sii
4739,康普,sii
4741,泓瀚,otc
4743,合一,otc
4744,皇將,otc
4746,台耀,sii
4747,強生,otc
4749,新應材,otc
4754,國碳科,otc
4755,三福化,sii
4760,勤凱,otc
4764,雙鍵,sii
4766,南寶,sii
4767,誠泰科技,otc
4768,晶呈科技,otc
4770,上品,sii
4771,望隼,sii
4772,台特化,otc
4806,桂田文創,otc
4903,聯光通,otc
4904,遠傳,sii
4905,台聯電,otc
4906,正文,sii
4907,富宇,otc
4908,前鼎,otc
4909,新復興,otc
4911,德英,otc
4915,致伸,sii
4916,事欣科,sii
4919,新唐,sii
4923,力士,otc
4930,燦星網,sii
4931,新盛力,otc
4933,友輝,otc
4934,太極,sii
4938,和碩,sii
4939,亞電,otc
4942,嘉彰,sii
4946,辣椒,otc
4949,有成精密,sii
4950,金耘國際,otc
4951,精拓科,otc
4952,凌通,sii
4953,緯軟,otc
4956,光鋐,sii
4960,誠美材,sii
4961,天鈺,sii
4967,十銓,sii
4968,立積,sii
4972,湯石照明,otc
4973,廣穎,otc
4974,亞泰,otc
4976,佳凌,sii
4979,華星光,otc
4989,榮科,sii
4994,傳奇,sii
4995,晶達,otc
4999,鑫禾,sii
5007,三星,sii
5009,榮剛,otc
5011,久陽,otc
5013,強新,otc
5014,建錩,otc
5015,華祺,otc
5016,松和,otc
5201,凱衛,otc
5202,力新,otc
5203,訊連,sii
5205,中茂,otc
5206,坤悅,otc
5209,新鼎,otc
5210,寶碩,otc
5211,蒙恬,otc
5212,凌網,otc
5213,亞昕,otc
5220,萬達光電,otc
5222,全訊,sii
5228,鈺鎧,otc
5230,雷笛克光學,otc
5234,達興材料,sii
5236,凌陽創新,otc
5244,弘凱,sii
5245,智晶,otc
5251,天鉞電,otc
5258,虹堡,sii
5263,智崴,otc
5269,祥碩,sii
5272,笙科,otc
5274,信驊,otc
5278,尚凡*,otc
5283,禾聯碩,sii
5285,界霖,sii
5287,數字,otc
5289,宜鼎,otc
5291,邑昇,otc
5292,華懋,sii
5299,杰力,otc
5301,寶得利,otc
5302,太欣,otc
5306,桂盟,sii
5309,系統電,otc
5310,天剛,otc
5312,寶島科,otc
5314,世紀*,otc
5315,光聯,otc
5321,美而快,otc
5324,士開,otc
5328,華容,otc
5340,建榮,otc
5344,立衛,otc
5345,馥鴻,otc
5347,世界,otc
5348,正能量智能,otc
5351,鈺創,otc
5353,台林,otc
5355,佳總,otc
5356,協益,otc
5364,力麗店,otc
5371,中光電,otc
5381,光譜,otc
5386,青雲,otc
5388,中磊,sii
5392,能率,otc
5398,慕康生醫,otc
5403,中菲,otc
5410,國眾,otc
5425,台半,otc
5426,振發,otc
5432,新門,otc
5434,崇越,sii
5438,東友,otc
5439,高技,otc
5443,均豪,otc
5450,南良,otc
5452,佶優,otc
5455,昇益,otc
5457,宣德,otc
5460,同協,otc
5464,霖宏,otc
5465,富驊,otc
5468,凱鈺,otc
5469,瀚宇博,sii
5471,松翰,sii
5474,聰泰,otc
5475,德宏,otc
5478,智冠,otc
5481,新華,otc
5483,中美晶,otc
5484,慧友,sii
5487,通泰,otc
5488,松普,otc
5489,彩富,otc
5490,同亨,otc
5493,三聯,otc
5498,凱崴,otc
5508,永信建,otc
5511,德昌,otc
5512,力麒,otc
5514,三豐,otc
5515,建國,sii
5516,雙喜,otc
5519,隆大,sii
5520,力泰,otc
5521,工信,sii
5522,遠雄,sii
5523,豐謙,otc
5525,順天,sii
5529,鉅陞,otc
5530,龍巖,otc
5531,鄉林,sii
5533,皇鼎,sii
5534,長虹,sii
5536,聖暉*,otc
5547,久舜,otc
5548,安倉,otc
5601,台聯櫃,otc
5603,陸海,otc
5604,中連,otc
5607,遠雄港,sii
5608,四維航,sii
5609,中菲行,otc
5701,劍湖山,otc
5703,亞都,otc
5704,老爺知,otc
5706,鳳凰,sii
5864,致和證,otc
5876,上海商銀,sii
5878,台名,otc
5880,合庫金,sii
5902,德記,otc
5903,全家,otc
5904,寶雅,otc
5905,南仁湖,otc
6005,群益證,sii
6015,宏遠證,otc
6016,康和證,otc
6020,大展證,otc
6021,美好證,otc
6023,元大期,otc
6024,群益期,sii
6026,福邦證,otc
6028,公勝保經,otc
6101,寬魚國際,otc
6103,合邦,otc
6104,創惟,otc
6108,競國,sii
6109,亞元,otc
6111,光聚晶電,otc
6112,邁達特,sii
6113,亞矽,otc
6114,久威,otc
6115,鎰勝,sii
6116,彩晶,sii
6117,迎廣,sii
6118,建達,otc
6120,達運,sii
6121,新普,otc
6122,擎邦,otc
6123,上奇,otc
6124,業強,otc
6125,廣運,otc
6126,信音,otc
6127,九豪,otc
6128,上福,sii
6129,普誠,otc
6130,上亞科技,otc
6133,金橋,sii
6134,萬旭,otc
6136,富爾特,sii
6138,茂達,otc
6139,亞翔,sii
6140,訊達,otc
6141,柏承,sii
6142,友勁,sii
6143,振曜,otc
6144,得利影,otc
6146,耕興,otc
6147,頎邦,otc
6148,驊宏資,otc
6150,撼訊,otc
6151,晉倫,otc
6152,百一,sii
6153,嘉聯益,sii
6154,順發,otc
6155,鈞寶,sii
6156,松上,otc
6158,禾昌,otc
6160,欣技,otc
6161,捷波,otc
6163,華電網,otc
6164,華興,sii
6165,浪凡,sii
6166,凌華,sii
6167,久正,otc
6168,宏齊,sii
6169,昱泉,otc
6170,統振,otc
6171,大城地產,otc
6173,信昌電,otc
6174,安碁,otc
6175,立敦,otc
6176,瑞儀,sii
6177,達麗,sii
6179,亞通,otc
6180,橘子,otc
6182,合晶,otc
6183,關貿,sii
6184,大豐電,sii
6185,幃翔,otc
6186,新潤,otc
6187,萬潤,otc
6188,廣明,otc
6189,豐藝,sii
6190,萬泰科,otc
6191,精成科,sii
6192,巨路,sii
6194,育富,otc
6195,詩肯,otc
6196,帆宣,sii
6197,佳必琪,sii
6198,瑞築,otc
6199,天品,otc
6201,亞弘電,sii
6202,盛群,sii
6203,海韻電,otc
6204,艾華,otc
6205,詮欣,sii
6206,飛捷,sii
6207,雷科,otc
6208,日揚,otc
6209,今國光,sii
6210,慶生,otc
6212,理銘,otc
6213,聯茂,sii
6214,精誠,sii
6215,和椿,sii
6216,居易,sii
6217,中探針,otc
6218,豪勉,otc
6219,富旺,otc
6220,岳豐,otc
6221,晉泰,otc
6222,立軒,otc
6223,旺矽,otc
6224,聚鼎,sii
6225,天瀚,sii
6226,光鼎,sii
6227,茂綸,otc
6228,全譜,otc
6229,研通,otc
6230,尼得科超眾,sii
6231,系微,otc
6233,旺玖,otc
6234,高僑,otc
6235,華孚,sii
6236,中湛,otc
6237,驊訊,otc
6239,力成,sii
6240,松崗,otc
6241,鑫永洋,otc
6242,立康,otc
6243,迅杰,sii
6244,茂迪,otc
6245,立端,otc
6246,臺龍,otc
6248,沛波,otc
6257,矽格,sii
6259,百徽,otc
6261,久元,otc
6263,普萊德,otc
6264,富裔,otc
6265,方土昶,otc
6266,泰詠,otc
6269,台郡,sii
6270,倍微,otc
6271,同欣電,sii
6272,驊陞,sii
6274,台燿,otc
6275,元山,otc
6276,安鈦克,otc
6277,宏正,sii
6278,台表科,sii
6279,胡連,otc
6281,全國電,sii
6282,康舒,sii
6283,淳安,sii
6284,佳邦,otc
6285,啟碁,sii
6290,良維,otc
6291,沛亨,otc
6292,迅德,otc
6294,智基,otc
6405,悅城,sii
6409,旭隼,sii
6411,晶焱,otc
6412,群電,sii
6414,樺漢,sii
6416,瑞祺電通,sii
6417,韋僑,otc
6418,詠昇,otc
6419,京晨科,otc
6423,億而得,otc
6425,易發,otc
6426,統新,sii
6432,今展科,otc
6435,大中,otc
6438,迅得,sii
6441,廣錠,otc
6442,光聖,sii
6443,元晶,sii
6446,藥華藥,sii
6449,鈺邦,sii
6461,益得,otc
6462,神盾,otc
6464,台數科,sii
6465,威潤,otc
6469,大樹,otc
6470,宇智,otc
6472,保瑞,sii
6474,華豫寧,otc
6477,安集,sii
6482,弘煜科,otc
6485,點序,otc
6486,互動,otc
6488,環球晶,otc
6491,晶碩,sii
6492,生華科,otc
6494,九齊,otc
6496,科懋,otc
6498,久禾光,otc
6499,益安,otc
6504,南六,sii
6505,台塑化,sii
6506,雙邦,otc
6508,惠光,otc
6509,聚和,otc
6510,精測,otc
6512,啟發電,otc
6515,穎崴,sii
6516,勤崴國際,otc
6517,保勝光學,otc
6523,達爾膚,otc
6526,達發,sii
6527,明達醫,otc
6530,創威,otc
6531,愛普*,sii
6532,瑞耘,otc
6533,晶心科,sii
6534,正瀚-創,sii
6535,順藥,otc
6538,倉和,otc
6542,隆中,otc
6546,正基,otc
6547,高端疫苗,otc
6548,長科*,otc
6552,易華電,sii
6556,勝品,otc
6558,興能高,sii
6560,欣普羅,otc
6561,是方,otc
6568,宏觀,otc
6569,醫揚,otc
6570,維田,otc
6574,霈方,otc
6576,逸達,otc
6577,勁豐,otc
6578,達邦蛋白,otc
6579,研揚,sii
6581,鋼聯,sii
6582,申豐,sii
6584,南俊國際,otc
6585,鼎基,sii
6588,東典光電,otc
6589,台康生技,sii
6590,普鴻,otc
6592,和潤企業,sii
6593,台灣銘板,otc
6596,寬宏藝術,otc
6597,立誠,otc
6603,富強鑫,otc
6605,帝寶,sii
6606,建德工業,sii
6609,瀧澤科,otc
6612,奈米醫材,otc
6613,朋億*,otc
6614,資拓宏宇,sii
6615,慧智,otc
6620,漢達,otc
6624,萬年清,otc
6625,必應,sii
6637,醫影,otc
6640,均華,otc
6642,富致,otc
6643,M31,otc
6645,金萬林-創,sii
6649,台生材,otc
6651,全宇昕,otc
6654,天正國際,otc
6655,科定,sii
6657,華安,sii
6658,聯策,sii
6661,威健生技,otc
6662,樂斯科,otc
6664,群翊,otc
6667,信紘科,otc
6668,中揚光,sii
6669,緯穎,sii
6670,復盛應用,sii
6674,鋐寶科技,sii
6679,鈺太,otc
6680,鑫創電子,otc
6683,雍智科技,otc
6684,安格,otc
6689,伊雲谷,sii
6690,安碁資訊,otc
6691,洋基工程,sii
6692,進能服,otc
6693,廣閎科,otc
6695,芯鼎,sii
6697,東捷資訊,otc
6698,旭暉應材,sii
6703,軒郁,otc
6706,惠特,sii
6708,天擎,otc
6712,長聖,otc
6715,嘉基,sii
6716,應廣,otc
6719,力智,sii
6720,久昌,otc
6721,信實,otc
6722,輝創,sii
6725,矽科宏晟,otc
6727,亞泰金屬,otc
6728,上洋,otc
6730,常廣,otc
6732,昇佳電子,otc
6733,博晟生醫,otc
6735,美達科技,otc
6739,竹陞科技,otc
6742,澤米,sii
6743,安普新,sii
6751,智聯服務,otc
6752,叡揚,otc
6753,龍德造船,sii
6754,匯僑設計,sii
6756,威鋒電子,sii
6757,台灣虎航,sii
6761,穩得,otc
6762,達亞,otc
6763,綠界科技*,otc
6767,台微醫,otc
6770,力積電,sii
6771,平和環保-創,sii
6776,展碁國際,sii
6782,視陽,sii
6785,昱展新藥,otc
6788,華景電,otc
6789,采鈺,sii
6790,永豐實,sii
6791,虎門科技,otc
6792,詠業,sii
6794,向榮生技,sii
6796,晉弘,sii
6799,來頡,sii
6803,崑鼎,otc
6804,明係,otc
6805,富世達,sii
6806,森崴能源,otc
6811,宏碁資訊,otc
6821,聯寶,otc
6823,濾能,otc
6829,千附精密,otc
6830,汎銓,sii
6831,邁科,sii
6834,天二科技,sii
6835,圓裕,sii
6838,台新藥,sii
6840,東研信超,otc
6841,長佳智能,otc
6843,進典,otc
6844,諾貝兒,otc
6846,綠茵,otc
6855,數泓科,otc
6856,鑫傳,otc
6859,伯特光,otc
6861,睿生光電,sii
6865,偉康科技,otc
6869,雲豹能源,sii
6870,騰雲,otc
6872,浩宇生醫,otc
6873,泓德能源,sii
6874,倍力,otc
6875,國邑*,otc
6877,鏵友益,otc
6881,潤德,otc
6884,海柏特,otc
6885,全福生技,sii
6894,衛司特,otc
6895,宏碩系統,otc
6899,創為精密,otc
6901,鑽石投資,sii
6902,GOGOLOOK,sii
6903,巨漢,otc
6904,伯鑫,otc
6906,現觀科,sii
6908,宏碁遊戲-創,sii
6909,創控,sii
6910,德鴻,otc
6913,鴻呈,otc
6914,阜爾運通,sii
6916,華凌,sii
6918,愛派司,sii
6919,康霈*,sii
6921,嘉雨思-創,sii
6922,宸曜,otc
6923,中台,sii
6925,意藍,otc
6928,攸泰科技,sii
6929,佑全,otc
6931,青松健康,sii
6934,心誠鎂,sii
6936,永鴻生技,sii
6937,天虹,sii
6944,兆聯實業,sii
6945,圓祥生技,otc
6949,沛爾生醫-創,sii
6951,青新-創,sii
6952,大武山,sii
6953,家碩,otc
6955,邦睿生技-創,sii
6958,日盛台駿,sii
6961,旅天下,otc
6967,汎瑋材料,otc
6968,萬達寵物,otc
6969,成信實業*-創,sii
6971,惠民實業,otc
6982,大井泵浦,otc
6983,華洋精機,otc
6988,威力暘-創,sii
6994,富威電力,sii
6996,力領科技,otc
6997,博弘,otc
7402,邑錡,otc
7547,碩網,otc
7556,意德士,otc
7584,樂意,otc
7610,聯友金屬-創,sii
7631,聚賢研發-創,sii
7642,昶瑞機電,otc
7703,銳澤,otc
7704,明遠精密,otc
7705,三商餐飲,sii
7708,全家餐飲,otc
7709,榮田,otc
7711,永擎,sii
7712,博盛半導體,otc
7713,威力德生醫,otc
7714,創泓科技,otc
7715,裕山,otc
7716,昱臺國際,otc
7718,友鋮,otc
7721,微程式,sii
7722,LINEPAY,sii
7723,築間,otc
7728,光焱科技,otc
7730,暉盛-創,sii
7732,金興精密,sii
7734,印能科技,otc
7736,虎山,sii
7738,東聯互動,otc
7740,熙特爾-創,sii
7743,金利食安,otc
7744,崴寶,otc
7747,昕奇雲端,otc
7750,新代,sii
7751,竑騰,otc
7753,星亞,otc
7757,金色三麥,otc
7760,享溫馨,sii
7765,中華資安,sii
7767,仁大資訊,otc
7768,頌勝科技,sii
7769,鴻勁,sii
7770,君曜,otc
7772,耀穎,otc
7777,能率亞洲,otc
7780,大研生醫*,sii
7782,光速火箭,otc
7786,東方風能,sii
7788,松川精密,sii
7791,皇家可口,sii
7792,安葆,otc
7794,宏碁智新,otc
7795,長廣,sii
7799,禾榮科,sii
7803,雲象科技-創,sii
7805,威聯通,otc
7810,捷創科技,otc
7811,民盛,otc
7818,溢泰實業,sii
7819,精誠金融,otc
7820,立盈,otc
7821,神數,sii
7822,倍利科,sii
7828,創新服務,otc
7839,達人網,otc
7842,天能綠電,otc
8011,台通,sii
8016,矽創,sii
8021,尖點,sii
8024,佑華,otc
8027,鈦昇,otc
8028,昇陽半導體,sii
8032,光菱,otc
8033,雷虎,sii
8034,榮群,otc
8038,長園科,otc
8039,台虹,sii
8040,九暘,otc
8042,金山電,otc
8043,蜜望實,otc
8044,網家,otc
8045,達運光電,sii
8046,南電,sii
8047,星雲,otc
8048,德勝,otc
8049,晶采,otc
8050,廣積,otc
8054,安國,otc
8059,凱碩,otc
8064,東捷,otc
8066,來思達,otc
8067,志旭,otc
8068,全達,otc
8069,元太,otc
8070,長華*,sii
8071,能率網通,otc
8072,陞泰,sii
8074,鉅橡,otc
8076,伍豐,otc
8077,洛碁,otc
8080,泰霖,otc
8081,致新,sii
8083,瑞穎,otc
8084,巨虹,otc
8085,福華,otc
8086,宏捷科,otc
8087,麗升能源,otc
8088,品安,otc
8089,康全電訊,otc
8091,翔名,otc
8092,建暐,otc
8093,保銳,otc
8096,擎亞,otc
8097,常珵,otc
8099,大世科,otc
8101,華冠,sii
8102,傑霖科技,otc
8103,瀚荃,sii
8104,錸寶,sii
8105,凌巨,sii
8107,大億金茂,otc
8109,博大,otc
8110,華東,sii
8111,立碁,otc
8112,至上,sii
8114,振樺電,sii
8121,越峰,otc
8131,福懋科,sii
8147,正淩,otc
8150,南茂,sii
8155,博智,otc
8162,微矽電子-創,sii
8163,達方,sii
8171,天宇,otc
8176,智捷,otc
8182,加高,otc
8183,精星,otc
8201,無敵,sii
8210,勤誠,sii
8213,志超,sii
8215,明基材,sii
8222,寶一,sii
8227,巨有科技,otc
8234,新漢,otc
8240,華宏,otc
8249,菱光,sii
8255,朋程,otc
8261,富鼎,sii
8271,宇瞻,sii
8272,全景軟體,otc
8277,商丞,otc
8279,生展,otc
8284,三竹,otc
8289,泰藝,otc
8291,尚茂,otc
8299,群聯,otc
8341,日友,sii
8342,益張,otc
8349,恒耀,otc
8354,冠好,otc
8358,金居,otc
8367,建新國際,sii
8374,羅昇,sii
8383,千附,otc
8390,金益鼎,otc
8401,白紗科,otc
8403,盛弘,otc
8409,商之器,otc
8410,森田,otc
8415,大國鋼,otc
8416,實威,otc
8421,旭源,otc
8422,可寧衛*,sii
8424,惠普,otc
8431,匯鑽科,otc
8432,東生華,otc
8433,弘帆,otc
8435,鉅邁,otc
8436,大江,otc
8438,昶昕,sii
8440,綠電,otc
8443,阿瘦,sii
8446,華研,otc
8450,霹靂,otc
8454,富邦媒,sii
8462,柏文,sii
8463,潤泰材,sii
8464,億豐,sii
8472,夠麻吉,otc
8473,山林水,sii
8476,台境*,sii
8477,創業家,otc
8478,東哥遊艇,sii
8481,政伸,sii
8487,愛爾達-創,sii
8489,三貝德,otc
8905,裕國,otc
8906,花王,otc
8908,欣雄,otc
8916,光隆,otc
8917,欣泰,otc
8921,沈氏,otc
8923,時報,otc
8924,大田,otc
8926,台汽電,sii
8927,北基,otc
8928,鉅明,otc
8929,富堡,otc
8930,青鋼,otc
8931,大汽電,otc
8932,智通*,otc
8933,愛地雅,otc
8935,邦泰,otc
8936,國統,otc
8937,合騏*,otc
8938,明安,otc
8940,新天地,sii
8941,關中,otc
8942,森鉅,otc
8996,高力,sii
9902,台火,sii
9904,寶成,sii
9905,大華,sii
9906,欣巴巴,sii
9907,統一實,sii
9908,大台北,sii
9910,豐泰,sii
9911,櫻花,sii
9912,偉聯,sii
9914,美利達,sii
9917,中保科,sii
9918,欣天然,sii
9919,康那香,sii
9921,巨大,sii
9924,福興,sii
9925,新保,sii
9926,新海,sii
9927,泰銘,sii
9928,中視,sii
9929,秋雨,sii
9930,中聯資源,sii
9931,欣高,sii
9933,中鼎,sii
9934,成霖,sii
9935,慶豐富,sii
9937,全國,sii
9938,百和,sii
9939,宏全,sii
9940,信義,sii
9941,裕融,sii
9942,茂順,sii
9943,好樂迪,sii
9944,新麗,sii
9945,潤泰新,sii
9946,三發地產,sii
9949,琉園,otc
9950,萬國通,otc
9951,皇田,otc
9955,佳龍,sii
9958,世紀鋼,sii
9960,邁達康,otc
9962,有益,otc
